{
  "input_width": 26,
  "input_height": 21,
  "input_channels": 1,
  "channel_extraction": "green",
  "mean": 0.20751027762889862,
  "std": 0.4055240750312805,
  "class_labels": [
    "0",
    "1",
    "2",
    "3",
    "4",
    "5",
    "6",
    "7",
    "8",
    "9",
    "blank"
  ],
  "binarization_threshold": 140,
  "validation_accuracy": 0.9878504672897196
}