{
  "input_width": 26,
  "input_height": 21,
  "input_channels": 1,
  "channel_extraction": "green",
  "mean": 0.6393119096755981,
  "std": 0.21036182343959808,
  "class_labels": [
    0,
    1,
    2,
    3,
    4,
    5,
    6,
    7,
    8,
    9
  ],
  "validation_accuracy": 1.0
}